Source_id,Sentence_en
1,Eclipse also helps the programmer in error detection.
2,""" For as it is written, By faith I speak; and by faith we have the confidence of the Spirit. """
3,It will then search for its own driver. I will click on Cancel.
4,"Iteration for all means the iterator is set to each index value. 1, 1 then 1, 2 and so on."
5,""" And I heard a voice saying, The second sea, which he redeemed, cometh and overtake the other. """
6,We have learnt that objects store their positions in fields.
7,Boy has faith in you all.
8,Observing nature can take you by surprise.
9,""" And remembering how ye rejected his commandment, and took him with fear and trembling: for his love abound among you. """
10,A part of the rain water gets absorbed in the soil after drying up and it gets collected and becomes ground water.
11,They see books.
12,Grandfather came from the library.
13,Again go to the top edge and click on 7 in the tabs from 0 to 9.
14,The Align and Distribute dialog-box opens on the right hand side of the interface.
15,Click on the line number to set the breakpoint.
16,Here is what we did for Borrowed Books.
17,"The classical period is defined by Patanjali's Yoga Sutras, the first systematic presentation of yoga."
18,Those two laughed.
19,"Apache, MySQL and PHP obtained through XAMPP 5.5.19"
20,"Here, we can enter the appropriate title for our document."
21,The army follows them.
22,1. Where are cells found?
23,We can add a shortcut to the launcher.
24,""" The height of the canopy should be such that it has plenty of plants and cows are not able to eat. """
25,""" Various modern materials are also used to make utensils, computers, telephones, refrigerators, televisions and automobiles. """
26,You may be able to stop some insects and other insects.
27,Be prepared for all eventualities.
28,Boy displays affection in you.
29,""" Thou knowest that all the Asiatic people have forsaken me: and there is a fugilose and a hermaphrodite in them. """
30,"In this report, I am going to write an article titled- Indian Journal of Microbiology."
31,"Publisher, Collection title,"
32,Step 2: Keep the soles of the feet together.
33,I select the brush with a small brush and de-select the Gradient and select my best colours.
34,We will then forward it to the successUser page.
35,Plants and plants grow in different ways.
36,""" Now therefore be ye not strangers, and strangers; but fellow workers with the saints, and servants of God. """
37,Tribal dances are usually performed in groups with special restrictions.
38,""" And there is none like unto the Jews, neither of the Gentiles: for the same Lord is over all, and over all his disciples. """
39,""" Therefore, to avoid these problems, you should get rid of harmful pesticides in your garden. """
40,"To close Basket ( Order ),"
41,Idli: Idli is cooked on a medium flame.
42,""" Then, being aroused by the news of Surpanakha, Kharbhosan, who had come to fight, killed Rama and his two companions in battle. """
43,"With this, we come to the end of this tutorial."
44,These are differences between methods and constructors.
45,Pandavas also played conch shell.
46,"read data from a file, e.g. fp = fopen ( "" sample.txt, "" "" r "" );"
47,"For details, please write to contact @ spoken-tutorial.org."
48,"Now, enter the password for Moodle Administrator. You should follow the password rules shown here."
49,"When extracted, I will rename the FrontAccounting folder as account."
50,""" And the Gentiles and the children of Israel were all in the synagogue. """
51,Welcome to Meet the GIMP.
52,A variable has to be declared before it can be used.
53,We can see the version number of the jdk.
54,"As we can see, Course Category is Mathematics."
55,Let us now see how to create a simple Java web project using NetBeans IDE.
56,Tomorrow is the death anniversary of Acharya Drona.
57,We walk.
58,"But for the sake of time, I will just fill in duck for Full Name and leave the rest of the details blank by pressing Enter."
59,Stand or sit in a comfortable position.
60,""" And it came to pass, as they journeyed, that they began to wash their clothes in the way. """
61,"In Perspective, type: INKSCAPE."
62,Type: u and press Enter.
63,"Next, let us work through the "" for "" loop."
64,We will see again in the coming week. See you again.
65,Clean the area where plants and other food items are kept.
66,""" Closed: One who is covered with a veil, and one who is not covered with knowledge. """
67,"If you do not have good bandwidth, download and watch it."
68,Use double thread and join one stitch to another for stitching.
69,The back of the left hand should be in contact with the spine and the right palm should be opposite to the spine.
70,Change the layer name to CD template.
71,Treats many water-borne diseases.
72,Enemy is covering.
73,"In the Services window, right-click on Databases node."
74,Error here is reversed.
75,We will stop here.
76,""" And on the sixth day they came to cut off the skin of the child, and to uncover his name according to his father's name. """
77,"So, the controller goes to displayMessage."
78,We can now add it to the document.
79,Woman is decorating.
80,Is it necessary to read Geeta today?
81,""" And though they had no success therein, they were successful in making any beads of gold and silver. """
82,""" Bend the knees at the ground, stretch the abdomen inwards and sit back with the buttocks resting on the heels. """
83,We will then call the removeFromCheckout method.
84,Boy will receive the bag.
85,""" But by the law of the Lord there is neither man without woman, nor woman without flesh. """
86,identify and list the sewing tools and sewing techniques used by hand
87,4. Leaves - they are usually green in colour from which plants prepare food.
88,I just click to get out of her box.
89,We have drawn a rectangle.
90,Hanumanta is the knowledge of Sita in Lanka.
91,"In this brief tutorial, we learnt about Subclassing and Method Overriding."
92,""" That is why the goddess Artemis profited greatly from the building of the temple of silver, and from all the craftsmen. """
93,This tutorial has been designed to learn about the nutrition and health benefits of a variety of culinary and socially processed foods.
94,"Now, let us learn to perform software installation using Synaptic Package Manager."
95,These can be single or multicellular.
96,Click on View this Journal Entry link.
97,Who is Capricorn?
98,She listens.
99,"So, [ abc ] will be added to the regular expression a or b or c."
100,""" They were provided with water for drinking, cooking, washing clothes and other purposes. """
101,""" For none of the rulers of this world knew it: and when they had known it, they would not have crucified the Lord of power. """
102,We have seen that we are very keen to display the nature of food use.
103,""" And he removed them out of the judgment seat. """
104,""" And he answered and said unto them, He that made me whole, commanded me to take up my bed, and to go. """
105,Go to the area where the logo is saved.
106,""" Sitting Asanas: Siddhasana, Gomukhasana, Ardhmatta, Andrasana, Mayurasana """
107,These are asanas.
108,Krishna is omniscient.
109,Monkeys shed fruit.
110,Who are the warriors?
111,Click on Arrange at the bottom right.
112,They stimulate the senses.
113,""" And when Jesus was risen from the dead, he appeared unto his disciples the third time. """
114,There are many rooms in this house.
115,"Now, let us add the Service Tax. First we have to create a GL Account for the Service tax."
116,"In the previous tutorial, we had learnt a bit about bookmarks."
117,"Now press Enter. To execute, type dot slash if1. Press Enter."
118,Input / output functions and timestamp functions.
119,"Next, we will parse book _ id as Integer from id."
120,""" But the mystery of God in the trumpeting of the seventh angel shall be made clear unto his servants the prophets, as he spake unto them in the gospel. """
121,"But, to redirect the error stream, you have to use 2 right angle brackets or 2 double right angle parentheses."
122,Now we can see the names of the users in their id space.
123,Vishuddhatma: One who is pure and has no three qualities.
124,Then we can send the maximum number of names to 500 people per day.
125,This class should have variables to represent the following details:
126,You are a coward.
127,Who was Maricha?
128,Save and run the program. We can see that the value is zero.
129,"In the sub-field'a ', Classification number, type 660.62."
130,"Now, let us look at some common errors."
131,It improves blood circulation throughout the body.
132,How to check an index sequence in a multidimensional array?
133,Draw an odd circle of pink colour and a circle of black colour.
134,Error dialog box and Shortcut keys.
135,Let us come here. Let me delete this and now add the figure.
136,You must have heard of DDT.
137,Here we see that write permission has been removed completely.
138,Read the License Agreement carefully.
139,It contains the packages required to create basic LaTeX documents in Windows and TeXworks is an earlier MikTeX editor.
140,We can see block diagrams without mathematical expressions.
141,We both sing.
142,Internet connection should be good.
143,And the program should also be finished.
144,""" Bend the knees and straighten the heels, using the elbows to lower the legs. """
145,These simple lines are the cornerstone of your drawing.
146,Krishna places the chariot.
147,The Spoken Tutorial that I have created now deals with creating equations.
148,The Spoken Tutorial project is a part of the Talk to a Teacher project.
149,Koha automatically selects Spoken Tutorial Library.
150,""" And they that were in the synagogue looked upon him steadfastly, and saw his face as the face of an angel. """
151,Go to your browser and open your Moodle site.
152,You can also type your journal title here.
153,And these keys can be used by any other tool of choice.
154,More information on this mission is available at this link.
155,"However, Internet Explorer should be avoided as it displays poorly."
156,"At the prompt, type date space plus percentage symbol with small h and press Enter."
157,We will learn what an interface is.
158,Name the simplest and the most subtle organism on earth.
159,Move the fingers backwards.
160,""" And there came a voice out of the air, saying, Father, glorify thy name; and I will glorifying thy name in heaven again. """
161,""" Some common leaves used for serving food are: Platen leaves, Basterdtic leaves, Rincum cumin leaves, Caltropis leaves, Castor leaves, Seahitmilky sapi leaves, Lotus leaves, Dahitanscriupine leaves, Stereo, Swarpasvolling leaves etc. """
162,""" In those days shall men seek death, and shall not find it: they shall desire to die, and death shall flee from them. """
163,I think.
164,ENVIRON - refers to the array of shell environment variables and their values.
165,We had kept the part outside and there is someone sitting there.
166,This is a GUI for using apt-get command line.
167,Keep the knees about 10 inches apart. Keep the hands between the thighs.
168,We will see what happens in the Awkdemo.txt file.
169,""" And he said unto them, Behold, they come together to do the will of their heart: and he lied first, that he might confirm the second. """
170,explain the meaning of folk dance
171,"So, I can drag the black point up to this point."
172,Extract the gene HIV1gp3 from the HIV genomic sequence at locations 4587 to 5165.
173,""" Then said Jesus unto them plainly, Lazarus is dead: """
174,""" And when he that doeth evil seeeth his ways, he lighteneth himself, and draweth not forth; """
175,"Now, let us see how the system works."
176,Now click on OK and close the dialog box.
177,It summarizes the Spoken Tutorial project.
178,Then I select Step Over. The value of the rectangle in the constructor is set to 10.
179,Read the Dhyanasloka.
180,What is cooked in the house today?
181,Welcome to the Spoken Tutorial on grep command.
182,"Next, below the Description, we will see 2 fields Course Summary and Course summary files."
183,That is a Lokayan.
184,"includegraphics, color packages use it. We will refer to LaTeX to understand this requirement."
185,Now we use the cout statement instead of the printf statement because we are using the function cout < < to print a line in C + +.
186,""" 3. When I go down into Galilee, I have a body like a sack, called my mother's. """
187,Describe the traditional methods of water purification.
188,"So, I select the interpreter and match the errors."
189,""" Space studies, planetary movements, computation of eclipses and calculating kalas are discussed in detail. """
190,So while doing this practice your breathing rate should also be 30 to 35 breaths per minute.
191,"Spoken Tutorial Project is a part of the Talk to a Teacher project supported by the National Mission on Education through ICT, MHRD, Government of India."
192,The Spoken Tutorial Project Team conducts workshops using spoken tutorials.
193,""" But when he hath blessed every man, he saith unto them, God is against the self-respecting: but unto the humble he giveth a gift. """
194,""" Sattva: One who is endowed with the qualities of chivalry, valor, and chastity. """
195,Slowly bend to the right until the right arm reaches the right leg.
196,Teacher calls the boys.
197,Write two types of hygiene of external body parts.
198,""" And when they were filled with great wrath, they took the apostles, and bound them in prison of the lowly ones. """
199,"So, I create a new layer and name it white and in Layer Fill Type I select White and then I reduce the opacity value so that we can see through the image."
200,Atmanah: One who is present in all beings.
201,Describe some tribal dances of India with examples.
202,Now add the using statement.
203,Enough.
204,There should be enough space to play this game.
205,""" Take heed therefore how ye see: he to whom it aboundeth, he shall be restored: but he that abideth not abound, his inheritance shall be taken away from him. """
206,What is this for? We have not initialized the values of the variables.
207,Now double-click on ctrl and z keys to undo this action.
208,Click on the Selector tool.
209,I will give these goods.
210,""" As you inhale, your stomach expels and as you exhale, the stomach sinks. """
211,Now we will invoke the Show data method to print the details of the enrolment.
212,Click on View menu and select Properties option.
213,This tutorial is recorded using Maximum Resolution for proper use of the tools.
214,It automatically calculates Total 4000 and Actual cost as 0.00.
215,how to use and set guidelines
216,The Provision field is used by a Sales Person.
217,""" And the disciples said unto him, Where can we find flowers to kill these dead in the midst of this desert? """
218,Boy has friendship on that.
219,There is an application Video in the list shown.
220,""" As it is written in Hosea, Whosoever is not mine, him will I say, he is mine: and the nation which I loved, that nation will I love. """
221,You can install KTouch from the Ubuntu Software Centre.
222,Boy has faith in these all.
223,For Grace period: I will select 15 day ( s ).
224,""" Thy works are mine to suffer, and to be ashamed of: but I know that thou art rich, and despised of them that say they are Jews, which are not of the Jews, but of the devil. """
225,""" Lord Krishna says in the Gita, """
226,It is a physical exercise by which a person runs in one motion.
227,Identify what is true or false in the following sentences.
228,""" But what is left of him is taken away out of the heart, and hath become man. """
229,"At the prompt, type date space plus percentage symbol, capital T and press Enter."
230,""" The king called some Brahmins and said, "" "" My mother's last wish was to offer mangoes to the Brahmins, """
231,And the whole mountain was turned into a forest.
232,Do you know the lyrics?
233,The next setting is Hidden sections. These are topics that are kept secret from the students in the course.
234,Those are braids.
235,The first step here is General Ledger Account Classes.
236,""" Now he hath reconciled you unto death in his flesh, and unto you also, which were his disciples, when he was afar off, and had no desire of iniquity. """
237,But this is not the case with abrasives.
238,""" Greet Tropheneus, labouring in the Lord; Greet me, beloved Pharisee, which toil abundantly in the service of the Lord. """
239,""" It is a relaxing, continuous and calming exercise. """
240,""" Most human actions are in harmony with nature and the effect of nature is not negative. """
241,""" It should not be heavy or jerky and can irritate the body and spine. """
242,Product of 5 and 2 is 10.00
243,Son- What went on between them?
244,"In the emacs editor that we have just opened, we can see maths.pdf _ t."
245,Feel the gradual expansion in all parts of the body.
246,""" And said unto them, O house of Israel, The Lord our God is one. """
247,""" Vedic texts like Rigveda, Yajurveda, Grihasuktam Smriti of Maitraayi Samhita, Dharmasutra contain many mantras on cows. """
248,Click again to see the contents of the folder.
249,Observe two square handles and two circle handles or arc handles in the figure.
250,""" When food is placed on a high platform, it is called a buffet arrangement. """
251,""" And it was written, Greetings to the apostles, and to the elders, and unto the brethren of the Gentiles, which are in Antioch, and Syria, and Cilicia. """
252,These are soldiers.
253,"However, for security reasons, it should not be a direct access to the web."
254,""" And Paul called unto the centurion, and said unto him, The young man that is with the captain of the thousand hath a grievance; therefore take not this thing likewise. """
255,"When I always forget to write a novel, I do it in the beginning."
256,Google Calendar is the same.
257,""" And when the fire was kindled, the people stood up to pray. """
258,Then click on Koha Administration.
259,There is foul smell of'samsam '.
260,""" I have written unto you to test you, whether ye will receive my word in all things. """
261,A new page opens up.
262,"and Linux terminals, text editors and Synaptic Access Managers."
263,"For example, in a two-dimensional array, an element is identified by two index sequences."
264,Those are Sanskrit houses.
265,Save the image as a.cml file.
266,Type 4.
267,""" Some people make things with essentials in a small space at home. """
268,""" It improves your concentration and calms the mind. """
269,""" In the practice of Bhramari, use'Na-Kara'and not'Ma-kara '. """
270,""" By faith they have overcome kingdoms; they have done righteous works, they have obtained the fruit of the promise: they have shut up the mouths of the lions. """
271,""" And when his disciples were come, he said unto them, What parable tellest thou them? """
272,Add the number 2 before the name.
273,We have to open the terminal.
274,"Now, we will try to "" divide, "" remove the asterisk symbol and type the slash symbol."
275,"Food distribution India is a country of unity in diversity. India has diversity in languages, places, climates, religions and cultures. Thus food is also different."
276,"See, this curve is not straight."
277,Now click on the recently uploaded file.
278,""" And certain Jews came from Antioch and Iconium, and led the people away: and they stoned Paul, and dragged him out of the city, because they knew that he was dead. """
279,"As a result, some of the images are clearly visible."
280,This tutorial explains how to create a simple web application.
281,But I can change it by changing the color and there is a shortcut key'X'to do that. Let me make it a bit darker here.
282,But a non-static block cannot be parameterized.
283,It starts with the main method.
284,I use Firefox web browser and active internet.
285,Let us see the action of the code.
286,"1. Sprouting takes place when seeds get enough water, oxygen and heat."
287,""" And the servant of the householder came and said unto him, Sirs, in what country have ye sown good seed? and have ye brought wild beasts? """
288,General Hand Sewing Skills
289,""" And when John was cast into prison, Jesus returned into Galilee, preaching the gospel of the kingdom of God, """
290,"Now, let us see how the code works. Save and run it."
291,"Go to Applications, Programming and Netbeans IDE icon in the menu items."
292,""" And he blessed them, saying, Thou hast borne fruit in the resurrection of them that are in the sepulchre, which cannot pay. """
293,And I will show you the code for this.
294,Rama reaches Ayodhya.
295,""" And when he saw there a man laid in bed many years old, paralyzed, """
296,Then we will iterate through the result set.
297,The output shows the total number of alanines in the dna2 sequence.
298,GIMP uses many small windows like Windows and Macintosh programs.
299,Food means any thing which we eat or drink when our body provides nourishment.
300,Let us go back to the place where we want to place the box.
301,""" And if the son shall ask for bread, he shall give him a stone; and if he ask for a fish, he giveth him a serpent. """
302,Make tight fists with palms facing forwards.
303,"Now, let us give a stroke or outline to the object. To do so, we have to use the Stroke paint tab."
304,""" Bharata went to Rama, the incarnate form of the Mahatama, in order to follow the truth. """
305,Scroll down and click on Save and display button at the bottom of the page.
306,"Right-click on Open. From the context menu, select Events, Action, Action Performed."
307,""" And it came to pass in the evening, that Jesus went with the twelve. """
308,Even now cows are worshipped.
309,""" For the blood of the prophets is shed on the earth from the creation of the world; and the iniquity of these things shall be theirs: verily I say unto you, that every one shall be condemned. """
310,""" Who is he that blasphemeeth a strange servant? he that is put in his lord's place, or putteth him down, shall be therein: for God is able to set him in his place. """
311,And close the document.
312,""" "" He said, "" "" If the sun is a star, how can it not be seen in the night? Do the stars shine at night? "" "" Raju asked. """
313,"Next, we will call incrementAvailableCopies."
314,"Now, switch to 310 CURRENT PUBLICATION FREQUENCY."
315,There are plants in and around the lake.
316,Every worker has to dig the soil and make the flow of air comfortable for them.
317,Start by gaze at both the fingers.
318,""" And there arose a dispute among them as to which of them should be preferred. """
319,""" Keep the hands slightly away from the thighs, palms facing upwards. """
320,Snake nests in bushes.
321,""" For the sacrifice of my soul is come, and the hour of my going out is come. """
322,Those are eyes.
323,""" Complete yogic breathing is the process of breathing all the three - abdominal, thoracic and humoral. """
324,With this method we can see and identify the objects around us.
325,Now we are on the welcome page.
326,Tomorrow I will go to the Sanskrit camp to study Sanskrit.
327,Right-click the Exit menu item.
328,Give less than e.g. a < b
329,Other options in the Align and Distribute dialog box will be covered in the coming tutorials.
330,The output comes from your input a + +.
331,"As long as the condition is true, it executes the inner statement and then increments and the loop repeats."
332,"Now, we can see that both the objects are selected."
333,""" Therefore, one should use less fat in food. """
334,Add final keyword to the name variable. We have now changed the variable name to final.
335,"Now I have all the brushes in my brush section. So, I close the Archive Manager and close the folder here and come back to the GIMP."
336,"This command takes our number of blank lines because every time an empty line is seen, x is incremented and printed."
337,He taught everyone the rules of war.
338,"Now, let us define the method showDetails. Then type: public void showdetails ( )."
339,Click on Add stop to add another color in between.
340,""" But when thou gavest, shew not unto the left what thine right hand doest. """
341,"On the other hand, we have a high priest who is the head of the household of God."
342,Variable and method together constitute a member of a class.
343,We should also protect the rich from thieves and violent side.
344,"For example, we will put it directly in the center environment."
345,Akash ( Space )
346,The boys heard the story.
347,""" And he sent Jesus unto Herod the tetrarch of Galilee, where he was. """
348,""" And ye shall heal them that are sick in their cities; and ye shall preach that the kingdom of God is come upon you. """
349,"I will type: Patel, Arvind H."
350,""" In the month of October-November, Suhrai and Bandhan are performed to show the richness of animals. """
351,I will leave the Shipping cost as blank.
352,We had already deleted the processRequest.
353,It performs the quiz for the given date and time in the opening session.
354,"Now, let us use the greater than operator."
355,You are scared.
356,"Lastly, click on Save changes button and then on Done button."
357,Click on the Units drop-down list. We can change it as per our requirement.
358,"When logged in, the details that people want to see are displayed in the blocks."
359,""" He was shocked to see the place where he lived, it was very dirty. """
360,Soldier dies on the battlefield.
361,It is very useful in improving eyesight.
362,There are thousands of life forms on earth.
363,Click on the drop-down list for Blend mode. There are five options here.
364,Do not select any other option.
365,""" And the second reason is soil which needs to be watered according to the soil. If there is rain then less water and if there is no rain then more water should be supplied. """
366,"If it is a part of the body, where does it reside?"
367,Type return 0; and place the curly bracket at the end.
368,Animals are classified into:
369,""" Every day, on the occasion of festivals, mother cooks various kinds of food items and we feel happy after eating them. """
370,The Spoken Tutorial project is a part of the Talk to a Teacher project.
371,"Now, in the terminal, type:"
372,"To optimize, in the tool bar, select Auto Optimization Tool."
373,These options are disabled for flowed texts.
374,""" And after three days Paul called unto him the chief Jews, and when they were come together, he said unto them, Brethren, I have done nothing evil, neither according to my people, nor according to all my fathers: but the inhabitants of Jerusalem delivered me into the hands of the Romans. """
375,"In Screen mode, the colours are first reversed, then multiplied, fried and muddled."
376,I will select the Scale tool and save the aspect ratio. I will move Scale from the block to the window.
377,Boy displays kindness in them.
378,Devotees of Krishna do not worship.
379,A lesson plan
380,""" And the Lord said unto him, O my Lord! behold, the name of Rama is Sahasranamah. """
381,There are many basic features in human beings.
382,"Under Categories, select Java."
383,""" "" Yes sir, this is a circular image of earth. """
384,""" Thou shalt not distribute the holy things unto the Gentiles, neither cast them out in the presence of the bridegrooms: for when thou castest them out, they shall cast them all on their feet, and shall again scatter thee. """
385,"As we can see, it is this condition that creates the illusion."
386,Let us see what happens if n is equal to 0.
387,"For self-learning,"
388,Select the Start Date and End Date of the exchange to view the circular text.
389,Fire is pervaded throughout the universe in the form of energy.
390,Now I will scale this image.
391,The Create Table dialog opens.
392,Boy displays humility.
393,Who are there around you?
394,But a static method can only access and modify static variables.
395,""" In this Veda, the knowledge of prayer is also given to the cows with more milk to help you. """
396,This indicates that another Apache instance is running.
397,We can see a square handle and a circular handle on the image.
398,Now we will learn the difference between instance method and static method.
399,""" For they hath hardened their hearts, and hath not revealed marvellous works. """
400,Here you can see Created With GIMP and Loop Forever.
401,His name is Bhillamacharya.
402,He will eat only the fruit.
403,"From the Folder drop down menu, select Bookmarks toolbar."
404,This is our header file stdio.h.
405,mixed
406,You all used to say country.
407,And it is not less than 40.
408,Halestin Friesian - This is a cow of red color.
409,""" And this is the sign of the prophecy of Adam, which saith, From the beginning of Adam even unto Moses death reigneth over them, because they have sinned according to the manner in which they sinned. """
410,"However, you can control sharpening if you do it yourself using GIMP. In this tutorial, I will demonstrate how to do so."
411,Let us change the header file stdio.h to iostream.
412,This is a chariot.
413,You all were eloquent.
414,""" And James, and John his brother, and Andrew, and Philip, and Bartholomew, """
415,""" Every minute a healthy adult trembles more or less eighty times in sixty nights. """
416,And type the filename as ST-CD-label and click on Save.
417,""" For we speak as though ye were afflicted with infirmities: but I have spoken as though I should be glorified by the glory of another. """
418,Click on the Calculus course. Scroll down to see the details of the course. Click on Enrolled Users.
419,""" And when God had given them up to lust, their wives did wickedly, forsaking the things that were theirs; """
420,"Do not create the main class, but set the main project."
421,Then click on Add random question button.
422,Devotees gather around the temple.
423,"In this tutorial, we will learn to set Global System Preferences to customize Library OPAC."
424,"Next, let us see what the Status bar does."
425,""" For I say unto thee, That Jesus Christ is the propitiation of the covenant of the passover, that the mercies of God may be glorified in the mercy of him, and in the glory of the Gentiles; as it is written, Stand before me, and praise thee: for I am God in thy name. """
426,1. Whose other name is nutrition?
427,Yogi looks at God everywhere.
428,""" And if I had come unto them, they would have no sin: but their sin is no more covered. """
429,INTEXT QUESTIONS
430,"From the drop-down, I will select Author ( A-Z )."
431,A cow needs a place to live.
432,""" Suffer affliction, that thou mayest be a good warrior for Jesus Christ. """
433,""" And it came to pass, as soon as the two brethren were come together, they went unto Moses, and resolved to make peace with him, and said unto him, Sirs, why do ye brothers oppress one another? """
434,Your assignment:
435,"Now, let us use this command."
436,The Spoken Tutorial Project Team conducts workshops using spoken tutorials and gives certificates to those who pass.
437,"function call by value,"
438,""" Leaning Asana: Lie down on your stomach with the face facing down. """
439,You can also open your own laundry or take assignments from the textile industry.
440,This is because the script overwrites the tables.
441,Teacher teaches everything.
442,""" For the word of God hath not failed: for all that are born of the house of Israel are not really of Israel. """
443,System.out.println ( n ); then increment n = n + 1;
444,""" Who shall condemn the elect of God? or him that regardeth God as righteous? """
445,Hold the top of the thread and bring the needle to the bottom right place where it was brought before.
446,""" And there were with him two cows, one on the right, and the other on the left, crucified. """
447,Who killed the girl?
448,""" And the Lord said unto him, Behold, Simon, the cornlouse willed the devil to lead you. """
449,Change the line spacing to 1.50.
450,""" For the meaning of it is, to go into the nakedness of another woman, to be unclean in the hearts of men. """
451,"Press CTRL, ALT and T keys simultaneously to open the terminal."
452,We both must do.
453,The rest of the code is similar to our switch.c program.
454,The next tool is called Intelligent scissors or Scissors selection tool.
455,Those afflicted with indigestion came near and were healed.
456,Bhishma sees Ganga and comes.
457,E267 as the value of Employee ID and 10000 as its value as Employee salary.
458,""" And he stood, and saw the clothes that were on him: and he entered not in. """
459,You should now log out from the Database administrative user session.
460,It is derived from Sanskrit.
461,Describe the different types of Asanas on this page.
462,""" • Posture Postures such as: Viruddharani, Sarvangasana, Shavasanam, Halasana and Matsyasana """
463,"You should also be familiar with HTML. If not, please visit our website for relevant tutorials."
464,"On the next line, type "" else, "" open the flower bracket and press Enter."
465,Those are bullets.
466,Many companies provide all the services required by you.
467,Recall that our file name is pointer _ demo.cpp.
468,""" Forgive me, and be meek: lay my covenant upon you, and teach me; and ye shall find rest in your hearts. """
469,We are now in the Teachers dashboard.
470,"Now, in the Price before Tax field, I will enter the Price as 48,000."
471,Note that servlet is similar to any other Java class.
472,"We use the keyword "" this "" to invoke another within a constructor."
473,Let me expand the grid line by scrolling through the sliders and it will be visible soon.
474,My third desire is to impart self-knowledge to me.
475,""" For they shall enter into the midst of you, and persecute you, because of the wickedness which I have done in my way: """
476,We can open Inkscape by clicking on the logo twice.
477,""" Thy son is not worthy to be called this way: make me thy hired servant. """
478,Who was Kalidas?
479,"To do so, type the command in the terminal and press Enter. We get the desired output."
480,""" Thou shalt not hurt the works of God for food: for all things are holy: but every man that eateth and is sore offended is not good. """
481,I keep the candle in the classroom.
482,""" The Licchavi king Bhaskaravarma, the conqueror of the Hunas Yashodharama, Sri Krishna Deva Raya ( the great king of the Vijayanagara Empire ), Lalitaditya ( a great warrior ).... """
483,Iron cutters are better than plastic cutters.
484,This is a summary of the Spoken Tutorial project.
485,"We have written the code to reverse the string and named it reverse.awk. To reverse a string, a recursive function is used."
486,""" And whosoever shall resist God, and shall make himself known to God through all things, and sit in the temple of God, as God is, let him be delivered unto a man of sin unto desolation. """
487,Yoga is destroyed because of the following six reasons.
488,These are created using the same commands as in the original file.
489,""" And when the Jews, not knowing that Mary was in the house, saw that she rose up quickly, and walked, they said unto her, Go weeping unto the sepulchre: for they followed her. """
490,""" And when the multitudes saw him, they said unto him, Thou art one of them: and Peter answered and said, I am no man. """
491,""" He that maketh wrath, cutth off the days of the devils of wrath. """
492,Useful
493,Calms your mind when you are angry or tired.
494,The story of the play should be written with appropriate incidents.
495,""" Here is a list of some Indian medicinal plants which you can grow in your own house. These plants can also be grown in your home. """
496,"else if conditional-expression2 is true, then perform action 2."
497,Makarana is also known as Crocodylpose in English.
498,Move the carbon to the left.
499,What did Rama do to make Sugriva believe in his own powers?
500,Boy displays respect in you.
501,This is called malnutrition.
502,We also need to define the move ( ) method.
503,""" And it came to pass, while he was yet in the wilderness, his companions and the twelve asked him concerning this parable. """
504,You both are playing.
505,Observe the output. We have retrieved the original sequence of indices.
506,Notice a small corner to the left of it.
507,Let us summarize. The topics covered in this tutorial are:
508,Commands can be multiple steps in a single step and they can be separated using white space.
509,"To set up user accounts,"
510,* indicates that the previous color has been displayed once or more.
511,Locate instance variables and static variables.
512,""" Then Peter answered and said unto him, Give us parables. """
513,""" There is only one God, Vishnu, who is the Supreme Being, the Supreme Self, the Universal Eater, the Inevitable Lord, who pervades the three worlds and consumes the universe. """
514,""" And the Lord said unto him, Who then is so faithful and wise in his works, that the Lord should send him at the proper time to eat bread for his house, and to minister unto it? """
515,Daksha: One who is well versed in all aspects of life.
516,The arrow to drag the category up or down. This is the menu and there is a gear icon called settings which is indicated by the down arrow.
517,""" And he said unto them, Repent, and I will send you into far countries. """
518,Do not pollute the sky and the atmosphere.
519,"If you have an inference about any field, always click on the help icon to know its priority."
520,""" This brought oxygen to the air and opened the door for the development of many types of organisms. """
521,Asanas are classified as follows.
522,Achh is the name of the vowel letters.
523,""" In the state of relaxation, chant the Om Mantra, feel the vibrations in the body. """
524,"and add, edit and hide nodes."
525,Lord Krishna solved the problem of Pandavas.
526,I will keep it as 1.
527,Krishna places Arjuna's chariot in between the two armies.
528,It is commonly known as Isoprene.
529,You both did not understand the story.
530,Those two laugh.
531,Go to the Toolbar and click on Apply button.
532,Right click on the layer and select Flatten image.
533,Then print the reverse complements using the built-in method reverse complement of the sequence object.
534,"Brackets can be written and used contextually, as in equations."
535,Click on Fill in correct responses button. This helps to see the correct answers to the questions options.
536,""" And let our people learn to devote themselves to useful things and to good works, lest they should become unprofitable. """
537,""" But where pests and scourges devour not, and thieves make peace, and steal not: there is treasure in heaven. """
538,We have minus c option.
539,Boy displays fondness in that.
540,""" Know first yourselves, that in the last days there shall appear scornful and selfish men. """
541,""" And there is no use of the sun, nor of the moon, to give light unto that city: for the glory of God is light, and the Lamb is his light. """
542,""" This will give you more energy. Exhale on Saturdays and Saturdays. While inhaling, focus on the energy. """
543,"If we do not assign any image to the logo, then Short name will also be used as the logo text. We will leave it as it is."
544,""" And he went through the surrounding villages, and taught. """
545,Boy displays respect in these.
546,The appointed day and the sabbath day are at hand.
547,Let us demonstrate the use of static variables with an example.
548,Bandha literally means'to bind'or'to join '.
549,It helps to reduce eye allergies and improves eye sight and concentration.
550,We have defined a constructor with two parameters.
551,Helps in increasing blood pressure and helps in curing heart related disorders.
552,"So, type public void showData ( ) and within parentheses type the following code to print id, name, branch and the number of enrolled students."
553,Practice: Sit in the basal position.
554,Sita also changed her royal dress.
555,"Now, let us initialize the fields for the second object."
556,6. How do new plants grow?
557,Is a blackboard necessary?
558,Let us switch to GreetingServlet dot java.
559,It is said that the juice of water is kept in the sun.
560,"To proceed, we have to create a database for FrontAccounting."
561,Notice that we have not initialized the value of x. Awk initializes x to zero for the initial value.
562,""" If any man call you, he believeth on you, and from henceforth he will do it. """
563,"So, let me open it."
564,You all know cloth.
565,I adjust the opacity slider to get a darker shell in the image.
566,"Customers can make deposits, miscellaneous sales etc."
567,The index finger should be above'J '.
568,He is not a soldier.
569,""" Forgive us our sins, as we also forgive all trespasses: tempt us, and deliver us from the wicked. """
570,Let us start with the introduction to strings.
571,You can use these options by checking the check box next to the subcategory to be dragged.
572,The Spoken Tutorial Team conducts workshops using spoken tutorials and gives certificates to those who pass an online test.
573,It is a state of freedom or peace from all thoughts.
574,Here is a program.
575,The village is visible from this street.
576,Write four points for cleaning goshala.
577,""" And he laid his hands on them, and departed thence. """
578,""" 4. The white part of the seed comes out from the root. """
579,"Creating, deleting, modifying data and finally"
580,""" And let the zeal of the gospel of peace be turned to foot. """
581,Here std is the namespace where the entire standard C + + library is declared. Now press Enter.
582,Refer to the details here.
583,May there be peace and harmony.
584,These are characters.
585,Pushpapatanga. The flower petal is sitting in a circle.
586,"Type the file name as "" welcome. """
587,"Similarly, we can assign students to a course."
588,What do you eat?
589,The qualities of the sky are words.
590,Click on Add button under the Activity chooser.
591,Then click on Enter Payment button at the bottom of the window.
592,"The Table environment is floated, so do not add it here. Add it directly."
593,and display converted temperature.
594,Create a class there called Welcome.
595,There are two Attachment buttons.
596,We also learnt about the usefulness of layers.
597,You will receive an SMS on your mobile number.
598,"Similarly, we will learn to parse data files using functions in the Sequence Input and Output module."
599,You can see that the image is reversed as it is now. I will reduce the opacity to 50 %.
600,Come back to the normal position with inhalation.
601,These two conjectures are repeated.
602,You will see another value in your interface.
603,Zoom in and click on the star once.
604,""" But at the same time, the nature of industries should also change. """
605,Milk is sucked from cows.
606,main is a special function.
607,"However, the date can be edited."
608,This will send the same message to all the selected students.
609,""" After studying this lesson, you will be able to: """
610,"In the Password text-box, enter your desired password."
611,"Instantly, the recording software creates a video."
612,This is a stick.
613,"To help with the tools used in the tutorial, we recorded the text using the highest possible resolution."
614,I also record it in 800 / 600 pixels and reduce it to 640 / 480 pixels and that's how it works on Apple TV etc.
615,Boy displays fondness in these all.
616,Compress the cavity and push it outwards.
617,"It also provides some security and privacy options against malicious web pages, spyware, viruses, trojans, or other malware."
618,""" He is also known for inventing medicines that promote health and boost immunity. """
619,The package is updated.
620,All the sounds of alphabets originated from the shadow of Shiva.
621,These two are known to her.
622,Kings did not imitate the success of Dileep.
623,Start the XAMPP services before starting the FrontAccounting interface.
624,This statement prints the address of the variable num.
625,You all sit.
626,""" Verily, verily, I say unto you, Whosoever believeth on me shall do the works of righteousness, and shall also do great works: for I come unto the Father. """
627,""" And whosoever is in the field, let him not turn aside to receive his garment. """
628,Student knew mathematics.
629,The Indian science of chanting shlokas or mantras is the oldest in the world.
630,Moodle 3.3 and Firefox web browsers. You can use any web browser of your choice.
631,Plants draw water from their roots to the ground.
632,This file is saved as HIV _ geneseq.fasta in your home folder. Press Enter.
633,You please speak.
634,The mind is restrained and meditates on the self within.
635,You all may sing.
636,""" One can have fun with Saraswati, the goddess of knowledge, wisdom, learning, music and arts. """
637,Am I telling you the truth now?
638,"Now, let us see how to execute the same program in C + +."
639,Click on the GL Account Classes link on the Maintenance panel.
640,""" For God so gave the world his second Son, that whosoever believeth on him should not perish, but have everlasting life. """
641,"To record this tutorial, I am using: Ubuntu 11.10 OS"
642,Let me name it Account balance.
643,Place the default folder as the Home Folder.
644,""" And he saw the garments which were laid, and the garments of the head, laid in separate places. """
645,"To follow this tutorial, you should have knowledge of Library Science."
646,""" And it came to pass, when Jesus was delivered into death, as the prophecy of God was before, ye took him, and crucified him in the hands of the wicked. """
647,Sages used to chant.
648,Maharishi Chyavana was an Indian Vedic sage.
649,This was the place where they all met.
650,"Before proceeding further, check the performance of each step."
651,"To access books and audio recordings, please contact your central connector."
652,"In the course, we will learn how to create groups, send messages and notes to students."
653,""" Bees, peacocks, flies, mosquitoes are examples of insects. """
654,Proper'Bijamantra'is also chanted along with the names of the Sun God.
655,This will open the File Browser window.
656,Specify the number of minutes and seconds in the question and everyone in our group will get the answer.
657,Click on Show Layer Mask.
658,Trataka is the practice of focusing on a particular gaze point.
659,It is also used to draw water from the lake garden.
660,You use terminal and
661,FrontAccounting interface opens.
662,"However, it is not recommended for students and teachers."
663,"In this tutorial, we will learn about different types of function calls."
664,""" Humans have made many machines in the past, but the system created by nature is far from perfect. """
665,""" When shall we see thy stranger, and regard thy place? or when shall we look upon thy nakedness, and hide thy clothes? """
666,The first data is at zero index.
667,Click on Edit in the Menu bar and then on Preferences.
668,Make sure you have completed this tutorial before proceeding further.
669,""" Verily, verily, I say unto you, It shall come to pass in the day of judgment, that the tenth day thereof shall be with Jordan of Sidom and Gomorrah. """
670,Save the file. Press Ctrl + S to run the program.
671,""" And Philip dwelt in Bethsaida, in the village where Peter and Andrew dwelt. """
672,Let us now enumerate this.
673,""" And when Jesus therefore knew what they thought, he said unto them, Why do ye reason with your hearts? """
674,""" ( i.e. Dharmashastra says that the younger brother cannot rule in front of the elder brother ). """
675,Helps to normalize the speed of breathing and helps to keep the breath in constant rhythm.
676,Less water is used.
677,"In this tutorial, I will learn about GIMP and its features."
678,""" And they took the colt, and cast their clothes on him, and slew him. """
679,""" For whosoever shall receive glory through her ministry receiveth the high office, and shall be glorified in Christ Jesus through faith. """
680,Which goes from the brain to the end of the vertebrae.
681,Here is an assignment for you: Add a new subcategory 2nd Year Maths in Mathematics. Remove the category Miscellaneous.
682,""" Inhale, place the weight of the body on the palms, raise the head and place it on the ground. """
683,Keep the neck in line with the back.
684,Only the root is sufficient.
685,Switch back to the terminal.
686,Let us move the mouse value inside the box and leave it there.
687,and common errors and solutions.
688,Type: cd space slash user slash bin.
689,""" And when he had made an end of supper, Jesus saith unto Simon Peter, Simon, son of Jonas, lovest thou me more than these? And he said unto him, Lord, thou knowest that I love thee. """
690,"I go to File, click on Save As and change the file extension from'tif'to'jpg '."
691,Why is cleanliness important for humans? Give four reasons.
692,"ii. To keep the skin clean, I must do........"
693,Different ideas will come from different mindsets.
694,""" At two o 'clock, he came out of the zoo. """
695,Boy displays trust in you all.
696,Let me add one and explain it later.
697,Grandfather chanted Krishna's name.
698,Bend the right leg at the knees and sit on the heels.
699,""" And when he had looked on all the people round about, he said unto the man, Stretch out thy hand: and his hand was restored, as it were all that he had done. """
700,""" But Jesus said nothing unto him: and the disciples came and besought him, saying, This woman cometh after us with a voice, cast her out. """
701,This is a daily tip where you will find useful tips.
702,"Here, we execute a query to delete the returned book from the Entry Checkout table."
703,""" The prayers of the people, the chief seats in the synagogue, and the principal seats at supper; """
704,What if we want to delete a directory containing multiple files and sub-directories?
705,She does not want any reward.
706,She gives more flowers like this.
707,Marichasana Sthiti: Dandasana
708,We don 't even eat one of those.
709,Boy has respect on me.
710,Click on Create a new question button and double-click on the Short answer option.
711,The atoms are shown in blue colour.
712,""" As you can see, the changes in the physical form of the earth change the development of the organisms. """
713,""" Every day we ask him for a gift, that we may see your speech, and be able to prove the things which are not right in your faith. """
714,""" Therefore, from the point of view of social values, it is important to provide food. """
715,""" Neither shall I drink new wine, neither shall I pour any more wine of my own accord. """
716,"Instantly, the download starts. Click on Save File button and then on OK button."
717,""" But we speak the wisdom of God, which was before the seasons, and hid from God for our glory. """
718,The success message is displayed.
719,""" Saying, If we let down the days of our fathers, we shall not be partakers of the blood of the prophets. """
720,You all may see.
721,"Some common applications are Calculator, Text Editor, Terminal, Firefox Web Browser, Videos and LibreOffice Suite components and Home folder."
722,"Notice that the response.jsp file appears in the Projects window, below the index. jsp file."
723,The Spoken Tutorial Project Team conducts workshops and gives certificates to those who pass an online test.
724,3. How urine is made? What are the substances found in urine?
725,"Here, I will again enter the value of 8 for'b '."
726,This article has been contributed by Priyankah Maha Bhagya.
727,Compile as before.
728,"So, here you can use these brushes to make a fake water colour or use it to draw a frame around the image."
729,Concentrate on conscious breathing or Pranayama.
730,Practice Repeatedly and vigorously inhaling the body.
731,Children heard the story.
732,Some of these are beneficial and some are harmful.
733,"In parentheses, we can say'centering '."
734,""" And they tarried there a long time: and Festus began to make known unto the king the things of Paul, and to speak, and went, and bound up a certain prisoner, which was named Paul. """
735,"It is made up of: Ice, Steel, Ice, Aluminium etc."
736,Boy displays affection in her.
737,""" After cooking, when a person goes to his side for food, it is called serving food. """
738,""" Ignoring the Gita in the spirit of Sanskrit knowledge is for suffering. """
739,Raksha: One who is the protector of the three worlds.
740,""" The law of the Spirit of life hath redeemed me from the law of sin and death by Christ Jesus. """
741,""" On Saturday and Sunday, raise your heels ( as far as possible ) and raise your toes. """
742,"Since my proxy does not require authentication, I will delete those details."
743,The devil called me for war.
744,""" "" Yes sir! I know this is normal, "" Gopal replied. He said. """
745,Enter your admin password and click on Authenticate button.
746,"Now, I will talk about declaring a string."
747,Now let us change the opacity of the arrows.
748,"Now, let us call the method from the main method."
749,Type: grep space minus i spacewithin double quotes ankit space saraf after the double quotes space grepdemo.txt
750,"If not, for relevant tutorials, please visit our website."
751,Locate and select the zip file with size 30Mb and click on Open.
752,Step 4 Chaturangandasana
753,The error indicates that we want to give an implementation to the Animal interface.
754,""" But if any man offend one of the least of them that believe on me, it is better for him to be girded with a girdle, and to be washed with the waters of the sea, that he should do these things. """
755,""" And it came to pass, when Judas conceived her, that we knew that it was Perizzar; and the son of Peraz was Heshron his son. """
756,"On doing so, the window that prompts us to fill in the File name, Save File, opens."
757,Poets'works are poems.
758,""" And Paul answered and said unto him, Verily thou knowest that I sit in the judgment seat, where Caesar ought to be my counsel: and I will not hurt the Jews. """
759,""" And behold, there was a company of people; and they and their rulers hid themselves, saying, If this man is an angel of the will of God, save him now. """
760,They were from the country.
761,It has the following features:
762,We can resize and rotate the star using another handle.
763,Course category is set by the admin.
764,"Now, type: ls space -l space example1 and press Enter."
765,Some field code shapes appear. Click on the triangle there and drag it on the canvas. Enter the saffron colour and remove the Stroke.
766,• Fingers should rotate with each other and the head and palms should be straight.
767,""" Whosoever therefore shall cleanse himself from these things shall be holy, and shall be called worthy of the Lord, and worthy of all goodness, and of honour. """
768,""" For the water of the Spirit, which is not of the law, is the Father's water: but the walking is Christ. """
769,It creates a declarative region and defines a scope.
770,Benefits of bacteria
771,"Before the advent of sewing machine, baggy machine was used for sewing clothes."
772,""" Squirrels attract insects with their colour and stamen give pollen which feeds on the flowers that fall on the female's hair. """
773,""" And they swore an oath, and said unto him, Whatever thou askest, I will give it thee. """
774,""" After this practice, you can complete your drawing and praise yourself. """
775,"Now, let us start today's tutorial."
776,We can see that the home page of Glassfish Server is displayed.
777,Click on the mouse link to get the hyperlink address details.
778,"Now that I have the color index, I know a better way."
779,Let me align the CD design layer.
780,""" And by the blood of the Lamb, and by the testimony of himself, they were cast out, and loved him not: for their souls were in trouble, and their souls perished. """
781,Let us run the code. Save and Run.
782,Place the palms on the ground close to the feet.
783,Now I click on Scale and get the measured image.
784,"If the default option is not selected, then choose Default for Calculus."
785,"11 and Raju sent the value to the constructor. So, this is it."
786,"Now, from this field, click on the next button."
787,Then resume the tutorial.
788,Girls give prasadam.
789,""" The age must be a positive integer. """
790,"In this case, it should be displayed as zero as the usage here is less."
791,""" And the seven angels which had the seven trumpets cried out with a loud voice. """
792,I got good marks.
793,"Now we will learn how to use the keyword "" this. """
794,I know the book.
795,"Based on this tutorial, the Spoken Tutorial Team conducts workshops."
796,""" And when they were come to Antioch, great multitudes gathered themselves unto me, and gave me the letter. """
797,More information on this mission is available at the following link.
798,""" Do ye not teach yourselves by teaching others? do ye indeed steal yourselves, preaching the law of immorality? """
799,The General menu has two sliders- Quality and Fog.
800,Please do not ask relevant questions. This will avoid confusion and clutter.
801,""" And if they believe not, they shall plant again: for God hath power to plant them again. """
802,Click on Save.
803,""" And they took the fine of Jason and his two brothers, and forsook them. """
804,It helps to create different quizzes for each academic year or group.
805,A serial number will be displayed which will be the PID of the existing shell.
806,1. Asana helps in the development of people.
807,"If so, please refresh it after some time."
808,I wrote a Sanskrit song yesterday.
809,Makarasana 1
810,"Here, the file ABC is loaded with XYZ."
811,This is because you cannot override any method if it becomes final.
812,""" There are geniuses, and all the beloved are far from the most perfect and the manifestation of the universe. """
813,Now enter the password and click on login.
814,"Now, let us look at the URL."
815,I will make a copy of the original on the Background layer.
816,"Here, the first step is to create a sequence record object."
817,He got boon from the gods.
818,Ancient Indians knew about the diseases of cows.
819,""" To the righteous no man dares to give up his vows: but to the godly no man giveth up his life. """
820,"Again, click on Account Description drop-down box and select Capital option."
821,"If the list of errorMsgs is not empty, we will display the errorMSgs in addUser dot jsp itself."
822,Now click on Save.
823,""" What shall we say then, that our father Abraham did eat meat? """
824,Notice that we are only using the default keyword.
825,"For more details, please visit the following link."
826,Again Antialiasing is for soft edges.
827,Tag number 010 is no longer visible on this page.
828,"In the Projects window, right-click on the Sample.java file."
829,Reconcile Bank Account.
830,Boy has faith in you all.
831,"To select a read only variable, we use the keyword const."
832,"To record this tutorial, I am using: Ubuntu Linux OS 16.04 and Koha version 16.05"
833,""" And as the chief priests, it is not lawful for him to sacrifice every day, first for his own sins, and then for the sins of the people: for this was accomplished by him, after that he had offered himself. """
834,""" In the same way, if Satan cast out Satan, and be separated from his enemies, how shall his kingdom stand? """
835,Click on Go to receive page.
836,""" And as he walked, behold, a man ran, and laid hands on him, and said unto him, Sirs, what must I do to inherit eternal life? """
837,"If you do not get any error message, then know that Biopython is installed."
838,Then go to the tab 245 TITLE STATEMEN:.
839,""" But I regard not this affliction for my own sake: neither love thy life, that thou mayest bear witness of the gospel of the grace of God, and of the Lord Jesus Christ, to whomsoever thou hast borne the burden of his service, and to whom thou shalt gladly finish thy course. """
840,""" Let us make ourselves servants of the glory of God with honour, honour, fame, and honour. """
841,"Now the area here is dark and this is white and sometimes it is very white. So, I pull it down."
842,""" And when he saw the multitude casting out their hands, many knew him, and went out of the cities, and fell down young unto Jesus in their villages. """
843,Sometimes the log file does not display the orbital details.
844,Enter your username as Su and press Enter.
845,"When you finish typing, check the Correctness field which shows the correctness of your typing."
846,"Now, let us look at the laptop."
847,""" Rotate the body from the knees down to the legs clockwise and counterclockwise i.e. clockwise or counter-clockwise. """
848,Scroll down and click on Save changes button.
849,""" May the compassion and glory endowed by Maa Saraswati, the goddess of wisdom, please be pleased with us. Come to us. """
850,These muscles become strong.
851,But it doesn 't look right. So I have to change the number.
852,"Now, delete the format specifier."
853,People call Goddess Saraswati as Vani.
854,Yagyapati: One who is the master of Yagya.
855,Click on Save. First we will change the header file to < iostream >.
856,Boy displays friendship in them.
857,The code is written in awk BEGIN section.
858,The Forum name appears as a link to the forum on the course page.
859,Let us add another block. Click on Add a block menu on the left.
860,"By default, the Unit penalty field is displayed as 0.1. I will change it to 0.5."
861,Sutapa: One who is endowed with beauty.
862,"To add a single DNA molecule, go to Build menu and then Insert and click on DNA / RNA in the sub-menu."
863,Many tabs appear in the Preferences window.
864,"Settings for the visiting card,"
865,Please see for yourself the usefulness of both the commands.
866,What music will you be listening to?
867,Details on download:
868,""" They may place their hands on the head but it is important to note that the hands do not touch the head. """
869,"Let us summarize. In this tutorial, we learnt about:"
870,"If not, link some errors to logic or algorithm."
871,Science is the proof of the working system.
872,""" And when they had filled the water, they knew the waters, and went a little farther, and drew water again: and when they saw there were ten waters, """
873,You will also learn how to type nonlinear screen views every time you type.
874,Moodle has various plug-ins for teachers and site administrators.
875,We get the output as We have successfully run a java program.
876,"If two correct answers are given, then 1 integer is obtained from the square."
877,Is it a flower?
878,Bhrashtram: This dish is used to cook most of the dishes.
879,The Surface settings dialog box opens. Move the slider to correct the opacity.
880,""" And when all the people were come out to meet Jesus, let them see the tent, and pray, and go into our country. """
881,Fill in the blanks below the appropriate words.
882,We will now login using username Bella and her password.
883,""" Inhale and raise the head, filling the air in your chest. """
884,This URL is based on the port number and domain name provided by sys-ad at the time of installation.
885,It rotates up to 90 degrees.
886,Click on the Home folder.
887,""" But woe unto you, rich men! for when ye are filled, ye shall be hungry. """
888,You can access the connection node by right-clicking on it.
889,Nataraja is also one of the names of Lord Shiva.
890,""" There is a certain element called'nutrient'found in food in many dishes. """
891,""" For God hath not appointed us to wrath, but to the right of salvation through Jesus Christ our Lord, """
892,""" And he said unto them, Woe unto you, that ye go away into sorrow? """
893,""" agrahya: One who does not get absorbed by the Karmendriyas. """
894,""" Being manifested by the Supreme Personality of Godhead, He became extremely luminous. He descended from creation and created the name of the body. """
895,Arjuna is here.
896,""" The God of peace be with you all. """
897,Now close this Firefox window.
898,""" And when the governor was come, ye clothed yourselves with the crown of glory. """
899,Alright. By now the concept of shapes and guidelines is over. Let's come back to the document.
900,""" And when they were come down, they set him in charge of the guards. """
901,Boys will wear new clothes.
902,""" This revolution of the earth is completed in 365 days. """
903,"The selected course will be displayed to the person to whom the course is assigned i.e. Admin, Course Creator, Teacher, Manager etc."
904,""" Rama and Lakshmana sought Sita far and wide, but they could not find her. """
905,Food enhances the energy of our body.
906,The activity of the pairs is very important.
907,3. Different kinds of smells are sent to brain through nostrils.
908,Soldier leaves.
909,"So, I will select a different colour from the background colour. How is it here?"
910,The Spoken Tutorial Team conducts workshops using spoken tutorials.
911,""" The objective of this practice is to familiarize you with the three different components of breathing ( abdominal, thoracic and cover ) and incorporate them into Sampoorna Yogana. """
912,"With this, we come to the end of this tutorial."
913,These options are similar to those in other word processor applications.
914,We have successfully installed the XAMPP server.
915,Increase the pressure in the eyes.
916,""" For the milkman is not in the word of righteousness, because he hath given birth to a child. """
917,""" And when they were come, they saw all, and did as they were commanded, and offered there the passover supper. """
918,Sage leaves his family.
919,"Fonts in perspective,"
920,Exhale and bring the left leg forward next to the right leg and reach down with your upper body touching the forehead to the knees as in Step 2.
921,Let us go back to the terminal. Let me clear the prompt.
922,"Here, dollar 1 indicates the first field i.e. roll number. The value is dollar 6 multiplied by zero point 3. Dollar six is the stipend value."
923,Students watched the play.
924,"To do so, go to the top right corner. Click on Spoken Tutorial Library. From the drop-down, click on Log out."
925,""" Then will I come again unto you, and bow down unto God, and grieve me, seeing that they repent of their trespasses, which were committed before, and have not repented of the leaven of their uncleanness. """
926,I will leave them blank.
927,INTEXT QUESTIONS 8.3
928,"Type ( hash ) "" # include, "" space, opening angle bracket, closing angle bracket."
929,"So, I go to Filters > > Enhance > > Sharpen respectively."
930,Click on Stop to pause the auto optimization process.
931,3. Varahamihira
932,The Spoken Tutorial project is a part of the Talk to a Teacher project.
933,This tells us to give write permission to the directory.
934,Export the file in eps format and view it.
935,I would now like to talk more about the Paintbrush and the selection of brushes for painting.
936,Naikmaya: One who is endowed with many Maya.
937,This is the cause of my praise unto God through Jesus Christ.
938,You are a priest.
939,"In response, the option for Birthday appears."
940,""" And Jesus saith unto them, A prophet is not found except in his own country, and in that of his own household, and his own kindred. """
941,""" And I saw a god named Pandur: and behold, death and the hereafter followed him; and he gave him dominion over four quarters of the earth, to kill men with pestilence, and pests, and beasts of the field. """
942,iv. Brain
943,"We have already started with cropping the image. In the next tutorial, I will show you what you can do with this image."
944,Let me go to the terminal and clear it.
945,"Now, let us come back to the slides and learn about the main function."
946,"Bhakti affects bliss, transcendental joy, peace and wisdom."
947,""" And they that are of good order in the church, and diligent in the word of God, and in the doctrine, are worthy of double judgment. """
948,""" Behold, a man is not justified by works, but by faith. """
949,""" Having accomplished all these things, Paul resolved to go up to Jerusalem from Macedonia and Achaia, and said unto her, Verily, verily, I must see Rome. """
950,The output is displayed in GC content percentage.
951,It looks like a mirror.
952,"Note that all C files have the extension. "" c "" ( dot C )."
953,Sadgati: One whose speed is supreme.
954,"So, I select the Clone Tool and resize the brush."
955,""" For he hath made all things through Jesus Christ, that the knowledge of God might be manifested in the church, and in the angels which are in the highest order in heaven. """
956,""" Banyan leaf: It is a small tree growing up to 6 meters in height with leaves parallel and numbered 10-12. """
957,"As a result, we are seeing "" Hello Space World. """
958,"At the prompt, type date space plus percentage symbol with small h and press Enter."
959,""" The Lord have mercy on the house of Joseph: for he hath called me again and again. """
960,Browse the following folder path.
961,The Ubuntu Linux OS features multiple workspaces or desktops.
962,"In the new window that opens here, enter the username of your choice. I will enter frontacc as the user name."
963,"A message appears at the top saying, "" Journal entry has been entered. """
964,Search for the image that you want to display.
965,""" By this we have acquired for the New Testament the ability to eat, not of the flesh, but of the Spirit: the flesh is dead, but the Spirit is life. """
966,The data for the level field is now displayed as 2.
967,"It works on Linux, Max OS and Windows."
968,--- Add the audio @ 0: 32 from the tutorial nstallation of FrontAccounting on Window OS timing 0: 10 to 0: 30 ---
969,The five trees mentioned above are very famous for their divine qualities and relationship with God.
970,""" Behold, I give you power to trample on serpents and scorpions and all mighty men, and ye shall have no hurt. """
971,"Inhale, exhale without any pressure. This inhale should be filled normally."
972,""" Have you read that a man shall leave his father and mother and be joined to his wife, and the two shall become one flesh? """
973,""" And Zechariah said unto the angel, Shall I lay hold on this? for I am old, and my wife is old. """
974,"So, here we are mentioning only the changes."
975,"Fill in the fields in this section, if you want the student to adjust their position automatically."
976,"On the Home page, click on Cataloging."
977,while loop
978,The output of the ls command acts as an input to the wc command.
979,"To connect the printer to a computer,"
980,""" And the remnant took up wood, or vessels, or things whatsoever they might find: and they received all the earth, and lived. """
981,"If all the conditions are false, then the last Else section is executed."
982,Select MMFF94 Force Field and click on Start button.
983,Bhutakruto: One who creates all living beings.
984,"A file has a name, some religion, or administrative code such as the date of creation and modification of the file and its permissions."
985,""" There are three qualities of sound, touch, form and taste in fire. """
986,demonstrate geometry in coordination compounds and build nanotubes.
987,This will reduce the heat of the machine.
988,Both the sides of nose are of eye.
989,"In Bcc, it says stlibreoffice @ gmail.com and info @ spoken-tutorial.org."
990,"Here, the first field is roll number and the sixth field is student stipend."
991,Blocks in Admins Dashboard tutorial - how to add and remove blocks
992,Many ancient Indian scriptures have given rules for the safety and health of cows.
993,""" And unto them which are called by Jesus Christ, unto whom also are called Gentiles, who are the stewards of the world through his name. """
994,""" Inhale deeply, exhale strongly. """
995,""" And when the fathers remembered that Jesus had spoken unto him, saying, Thou shalt eat me three times before the cock crow, they were filled with sorrow. """
996,Patient gives thanks to doctor for stopping disease.
997,""" And Nathanael said unto him, Can there be any evil in Nazareth? And Philip said, Come and see. """
998,"So, let me pull it up to the toolbox and here it is."
999,"There are settings for edit, hide, duplicate and delete of the resource. Details on these are available here."
1000,""" Stretch the body a bit and relax the body completely by relaxing the eyes. """
